{"name":"d2c586c8-39f3-4847-be52-167e9b7c0ecd","id":"/providers/Microsoft.Flow/flows/d2c586c8-39f3-4847-be52-167e9b7c0ecd","type":"Microsoft.Flow/flows","properties":{"apiId":"/providers/Microsoft.PowerApps/apis/shared_logicflows","displayName":"Join in Excel Table","definition":{"metadata":{"workflowEntityId":null,"creator":{"id":"c215cf5a-bc33-4676-ba21-d61fb1e7da60","type":"User","tenantId":"d2981d9a-1218-40ad-9ff6-13cedd3a4b23"},"provisioningMethod":"FromDefinition","failureAlertSubscription":true,"clientLastModifiedTime":"2020-07-15T08:48:14.8092268Z"},"$schema":"https://schema.management.azure.com/providers/Microsoft.Logic/schemas/2016-06-01/workflowdefinition.json#","contentVersion":"1.0.0.0","parameters":{"$connections":{"defaultValue":{},"type":"Object"},"$authentication":{"defaultValue":{},"type":"SecureObject"}},"triggers":{"manual":{"type":"Request","kind":"Button","inputs":{"schema":{"type":"object","properties":{},"required":[]}}}},"actions":{"Initialize_boolMatch_variable":{"runAfter":{},"type":"InitializeVariable","inputs":{"variables":[{"name":"boolMatch","type":"boolean","value":"@false"}]}},"List_rows_present_in_a_table_blue":{"runAfter":{"Initialize_boolMatch_variable":["Succeeded"]},"metadata":{"01AE47OV4A6IHL72GB2VA2IXLX7VZ3AMNV":"/Book1.xlsx","flowSystemMetadata":{"swaggerOperationId":"GetItems"}},"type":"ApiConnection","inputs":{"host":{"connection":{"name":"@json(decodeBase64(triggerOutputs().headers['X-MS-APIM-Tokens']))['$connections']['shared_excelonlinebusiness']['connectionId']"},"api":{"runtimeUrl":"https://asia-001.azure-apim.net/apim/excelonlinebusiness"}},"method":"get","path":"/drives/@{encodeURIComponent('b!6bennIedyEuy9VyWHKKmZQ-kc8CqdWRJrlnYyEeN8MGVilZjq9U7Q4aPmlD5qSIr')}/files/@{encodeURIComponent('01AE47OV4A6IHL72GB2VA2IXLX7VZ3AMNV')}/tables/@{encodeURIComponent('{27BF9474-9485-4579-857F-9B06BCD913A0}')}/items","queries":{"source":"me"},"authentication":{"type":"Raw","value":"@json(decodeBase64(triggerOutputs().headers['X-MS-APIM-Tokens']))['$ConnectionKey']"}}},"Apply_to_each_in_Table_Blue":{"foreach":"@body('List_rows_present_in_a_table_blue')?['value']","actions":{"Add_a_row_into_a_table":{"runAfter":{},"metadata":{"01AE47OV4A6IHL72GB2VA2IXLX7VZ3AMNV":"/Book1.xlsx","flowSystemMetadata":{"swaggerOperationId":"AddRowV2"}},"type":"ApiConnection","inputs":{"host":{"connection":{"name":"@json(decodeBase64(triggerOutputs().headers['X-MS-APIM-Tokens']))['$connections']['shared_excelonlinebusiness']['connectionId']"},"api":{"runtimeUrl":"https://asia-001.azure-apim.net/apim/excelonlinebusiness"}},"method":"post","body":{"Column1":"@items('Apply_to_each_in_Table_Blue')?['ID']","Column2":"@items('Apply_to_each_in_Table_Blue')?['Name']"},"path":"/codeless/v1.2/drives/@{encodeURIComponent('b!6bennIedyEuy9VyWHKKmZQ-kc8CqdWRJrlnYyEeN8MGVilZjq9U7Q4aPmlD5qSIr')}/items/@{encodeURIComponent('01AE47OV4A6IHL72GB2VA2IXLX7VZ3AMNV')}/workbook/tables/@{encodeURIComponent('{BACE3893-EC4C-4320-9D1A-7701D27A4F84}')}/rows","queries":{"source":"me"},"authentication":{"type":"Raw","value":"@json(decodeBase64(triggerOutputs().headers['X-MS-APIM-Tokens']))['$ConnectionKey']"}}}},"runAfter":{"List_rows_present_in_a_table_blue":["Succeeded"]},"type":"Foreach"},"List_rows_present_in_a_table_Green":{"runAfter":{"Apply_to_each_in_Table_Blue":["Succeeded"]},"metadata":{"01AE47OV4A6IHL72GB2VA2IXLX7VZ3AMNV":"/Book1.xlsx","flowSystemMetadata":{"swaggerOperationId":"GetItems"}},"type":"ApiConnection","inputs":{"host":{"connection":{"name":"@json(decodeBase64(triggerOutputs().headers['X-MS-APIM-Tokens']))['$connections']['shared_excelonlinebusiness']['connectionId']"},"api":{"runtimeUrl":"https://asia-001.azure-apim.net/apim/excelonlinebusiness"}},"method":"get","path":"/drives/@{encodeURIComponent('b!6bennIedyEuy9VyWHKKmZQ-kc8CqdWRJrlnYyEeN8MGVilZjq9U7Q4aPmlD5qSIr')}/files/@{encodeURIComponent('01AE47OV4A6IHL72GB2VA2IXLX7VZ3AMNV')}/tables/@{encodeURIComponent('{AA79302B-E2C1-45D2-8DDA-3732C96BF213}')}/items","queries":{"source":"me"},"authentication":{"type":"Raw","value":"@json(decodeBase64(triggerOutputs().headers['X-MS-APIM-Tokens']))['$ConnectionKey']"}}},"Apply_to_each":{"foreach":"@body('List_rows_present_in_a_table_Green')?['value']","actions":{"Apply_to_each_2":{"foreach":"@body('List_rows_present_in_a_table_blue')?['value']","actions":{"Condition":{"actions":{"Set_variable":{"runAfter":{},"type":"SetVariable","inputs":{"name":"boolMatch","value":"@true"}}},"runAfter":{},"expression":{"equals":["@items('Apply_to_each')?['ID']","@items('Apply_to_each_2')?['ID']"]},"type":"If"}},"runAfter":{},"type":"Foreach"},"Condition_2":{"actions":{"Add_a_row_into_a_table_2":{"runAfter":{},"metadata":{"01AE47OV4A6IHL72GB2VA2IXLX7VZ3AMNV":"/Book1.xlsx","flowSystemMetadata":{"swaggerOperationId":"AddRowV2"}},"type":"ApiConnection","inputs":{"host":{"connection":{"name":"@json(decodeBase64(triggerOutputs().headers['X-MS-APIM-Tokens']))['$connections']['shared_excelonlinebusiness']['connectionId']"},"api":{"runtimeUrl":"https://asia-001.azure-apim.net/apim/excelonlinebusiness"}},"method":"post","body":{"Column1":"@items('Apply_to_each')?['ID']","Column2":"@items('Apply_to_each')?['Name']"},"path":"/codeless/v1.2/drives/@{encodeURIComponent('b!6bennIedyEuy9VyWHKKmZQ-kc8CqdWRJrlnYyEeN8MGVilZjq9U7Q4aPmlD5qSIr')}/items/@{encodeURIComponent('01AE47OV4A6IHL72GB2VA2IXLX7VZ3AMNV')}/workbook/tables/@{encodeURIComponent('{BACE3893-EC4C-4320-9D1A-7701D27A4F84}')}/rows","queries":{"source":"me"},"authentication":{"type":"Raw","value":"@json(decodeBase64(triggerOutputs().headers['X-MS-APIM-Tokens']))['$ConnectionKey']"}}}},"runAfter":{"Apply_to_each_2":["Succeeded"]},"else":{"actions":{"Set_variable_2":{"runAfter":{},"type":"SetVariable","inputs":{"name":"boolMatch","value":"@false"}}}},"expression":{"equals":["@variables('boolMatch')","@false"]},"type":"If"}},"runAfter":{"List_rows_present_in_a_table_Green":["Succeeded"]},"type":"Foreach"}}},"connectionReferences":{"shared_excelonlinebusiness":{"connectionName":"shared-excelonlinebu-5ef47530-c073-4856-9c8e-1380222bb034","source":"Invoker","id":"/providers/Microsoft.PowerApps/apis/shared_excelonlinebusiness","tier":"NotSpecified"}},"flowFailureAlertSubscribed":false}}