{"name":"3d4d95c2-38f7-42d4-a955-ceb09c41d676","id":"/providers/Microsoft.Flow/flows/3d4d95c2-38f7-42d4-a955-ceb09c41d676","type":"Microsoft.Flow/flows","properties":{"apiId":"/providers/Microsoft.PowerApps/apis/shared_logicflows","displayName":"Not Match Table in Excel","definition":{"metadata":{"workflowEntityId":null,"creator":{"id":"c215cf5a-bc33-4676-ba21-d61fb1e7da60","type":"User","tenantId":"d2981d9a-1218-40ad-9ff6-13cedd3a4b23"},"provisioningMethod":"FromDefinition","failureAlertSubscription":true,"clientLastModifiedTime":"2020-07-15T08:39:02.0066705Z"},"$schema":"https://schema.management.azure.com/providers/Microsoft.Logic/schemas/2016-06-01/workflowdefinition.json#","contentVersion":"1.0.0.0","parameters":{"$connections":{"defaultValue":{},"type":"Object"},"$authentication":{"defaultValue":{},"type":"SecureObject"}},"triggers":{"manual":{"type":"Request","kind":"Button","inputs":{"schema":{"type":"object","properties":{},"required":[]}}}},"actions":{"nintialize_bootMatch_variable":{"runAfter":{},"type":"InitializeVariable","inputs":{"variables":[{"name":"bootMatch","type":"boolean","value":"@false"}]}},"List_rows_present_in_table_blue":{"runAfter":{"nintialize_bootMatch_variable":["Succeeded"]},"metadata":{"01AE47OV4A6IHL72GB2VA2IXLX7VZ3AMNV":"/Book1.xlsx","flowSystemMetadata":{"swaggerOperationId":"GetItems"}},"type":"ApiConnection","inputs":{"host":{"connection":{"name":"@json(decodeBase64(triggerOutputs().headers['X-MS-APIM-Tokens']))['$connections']['shared_excelonlinebusiness']['connectionId']"},"api":{"runtimeUrl":"https://asia-001.azure-apim.net/apim/excelonlinebusiness"}},"method":"get","path":"/drives/@{encodeURIComponent('b!6bennIedyEuy9VyWHKKmZQ-kc8CqdWRJrlnYyEeN8MGVilZjq9U7Q4aPmlD5qSIr')}/files/@{encodeURIComponent('01AE47OV4A6IHL72GB2VA2IXLX7VZ3AMNV')}/tables/@{encodeURIComponent('{27BF9474-9485-4579-857F-9B06BCD913A0}')}/items","queries":{"source":"me"},"authentication":{"type":"Raw","value":"@json(decodeBase64(triggerOutputs().headers['X-MS-APIM-Tokens']))['$ConnectionKey']"}}},"Apply_to_each_in_table_Blue":{"foreach":"@body('List_rows_present_in_table_blue')?['value']","actions":{"List_rows_present_in_a_table_green":{"runAfter":{},"metadata":{"01AE47OV4A6IHL72GB2VA2IXLX7VZ3AMNV":"/Book1.xlsx","flowSystemMetadata":{"swaggerOperationId":"GetItems"}},"type":"ApiConnection","inputs":{"host":{"connection":{"name":"@json(decodeBase64(triggerOutputs().headers['X-MS-APIM-Tokens']))['$connections']['shared_excelonlinebusiness']['connectionId']"},"api":{"runtimeUrl":"https://asia-001.azure-apim.net/apim/excelonlinebusiness"}},"method":"get","path":"/drives/@{encodeURIComponent('b!6bennIedyEuy9VyWHKKmZQ-kc8CqdWRJrlnYyEeN8MGVilZjq9U7Q4aPmlD5qSIr')}/files/@{encodeURIComponent('01AE47OV4A6IHL72GB2VA2IXLX7VZ3AMNV')}/tables/@{encodeURIComponent('{AA79302B-E2C1-45D2-8DDA-3732C96BF213}')}/items","queries":{"source":"me"},"authentication":{"type":"Raw","value":"@json(decodeBase64(triggerOutputs().headers['X-MS-APIM-Tokens']))['$ConnectionKey']"}}},"Apply_to_each_in_table_green":{"foreach":"@body('List_rows_present_in_a_table_green')?['value']","actions":{"Condition":{"actions":{"Set_bootMatch_to_True":{"runAfter":{},"type":"SetVariable","inputs":{"name":"bootMatch","value":"@true"}}},"runAfter":{},"expression":{"equals":["@items('Apply_to_each_in_table_green')?['ID']","@items('Apply_to_each_in_table_Blue')?['ID']"]},"type":"If"}},"runAfter":{"List_rows_present_in_a_table_green":["Succeeded"]},"type":"Foreach"},"Condition_2":{"actions":{"Add_a_row_into_a_table":{"runAfter":{},"metadata":{"01AE47OV4A6IHL72GB2VA2IXLX7VZ3AMNV":"/Book1.xlsx","flowSystemMetadata":{"swaggerOperationId":"AddRowV2"}},"type":"ApiConnection","inputs":{"host":{"connection":{"name":"@json(decodeBase64(triggerOutputs().headers['X-MS-APIM-Tokens']))['$connections']['shared_excelonlinebusiness']['connectionId']"},"api":{"runtimeUrl":"https://asia-001.azure-apim.net/apim/excelonlinebusiness"}},"method":"post","body":{"ID":"@items('Apply_to_each_in_table_Blue')?['ID']","Name":"@items('Apply_to_each_in_table_Blue')?['Name']"},"path":"/codeless/v1.2/drives/@{encodeURIComponent('b!6bennIedyEuy9VyWHKKmZQ-kc8CqdWRJrlnYyEeN8MGVilZjq9U7Q4aPmlD5qSIr')}/items/@{encodeURIComponent('01AE47OV4A6IHL72GB2VA2IXLX7VZ3AMNV')}/workbook/tables/@{encodeURIComponent('{36B47DCD-28BC-4D01-86C4-D4EF173E054A}')}/rows","queries":{"source":"me"},"authentication":{"type":"Raw","value":"@json(decodeBase64(triggerOutputs().headers['X-MS-APIM-Tokens']))['$ConnectionKey']"}}}},"runAfter":{"Apply_to_each_in_table_green":["Succeeded"]},"else":{"actions":{"Set_bootMatch_to_False":{"runAfter":{},"type":"SetVariable","inputs":{"name":"bootMatch","value":"@false"}}}},"expression":{"equals":["@variables('bootMatch')","@false"]},"type":"If"}},"runAfter":{"List_rows_present_in_table_blue":["Succeeded"]},"type":"Foreach"}}},"connectionReferences":{"shared_excelonlinebusiness":{"connectionName":"shared-excelonlinebu-5ef47530-c073-4856-9c8e-1380222bb034","source":"Invoker","id":"/providers/Microsoft.PowerApps/apis/shared_excelonlinebusiness","tier":"NotSpecified"}},"flowFailureAlertSubscribed":false}}