{"name":"d2d21688-0227-44e2-887d-f13f71b3cfee","id":"/providers/Microsoft.Flow/flows/d2d21688-0227-44e2-887d-f13f71b3cfee","type":"Microsoft.Flow/flows","properties":{"apiId":"/providers/Microsoft.PowerApps/apis/shared_logicflows","displayName":"Match Table in Excel","definition":{"metadata":{"workflowEntityId":null,"creator":{"id":"c215cf5a-bc33-4676-ba21-d61fb1e7da60","type":"User","tenantId":"d2981d9a-1218-40ad-9ff6-13cedd3a4b23"},"provisioningMethod":"FromDefinition","failureAlertSubscription":true,"clientLastModifiedTime":"2020-07-14T03:52:53.1621304Z"},"$schema":"https://schema.management.azure.com/providers/Microsoft.Logic/schemas/2016-06-01/workflowdefinition.json#","contentVersion":"1.0.0.0","parameters":{"$connections":{"defaultValue":{},"type":"Object"},"$authentication":{"defaultValue":{},"type":"SecureObject"}},"triggers":{"manual":{"type":"Request","kind":"Button","inputs":{"schema":{"type":"object","properties":{},"required":[]}}}},"actions":{"List_rows_present_in_blue":{"runAfter":{},"metadata":{"01AE47OV4A6IHL72GB2VA2IXLX7VZ3AMNV":"/Book1.xlsx","flowSystemMetadata":{"swaggerOperationId":"GetItems"}},"type":"ApiConnection","inputs":{"host":{"connection":{"name":"@json(decodeBase64(triggerOutputs().headers['X-MS-APIM-Tokens']))['$connections']['shared_excelonlinebusiness']['connectionId']"},"api":{"runtimeUrl":"https://asia-001.azure-apim.net/apim/excelonlinebusiness"}},"method":"get","path":"/drives/@{encodeURIComponent('b!6bennIedyEuy9VyWHKKmZQ-kc8CqdWRJrlnYyEeN8MGVilZjq9U7Q4aPmlD5qSIr')}/files/@{encodeURIComponent('01AE47OV4A6IHL72GB2VA2IXLX7VZ3AMNV')}/tables/@{encodeURIComponent('{27BF9474-9485-4579-857F-9B06BCD913A0}')}/items","queries":{"source":"me"},"authentication":{"type":"Raw","value":"@json(decodeBase64(triggerOutputs().headers['X-MS-APIM-Tokens']))['$ConnectionKey']"}}},"Apply_to_each_in_table_Blue":{"foreach":"@body('List_rows_present_in_blue')?['value']","actions":{"List_rows_present_in_table_green":{"runAfter":{},"metadata":{"01AE47OV4A6IHL72GB2VA2IXLX7VZ3AMNV":"/Book1.xlsx","flowSystemMetadata":{"swaggerOperationId":"GetItems"}},"type":"ApiConnection","inputs":{"host":{"connection":{"name":"@json(decodeBase64(triggerOutputs().headers['X-MS-APIM-Tokens']))['$connections']['shared_excelonlinebusiness']['connectionId']"},"api":{"runtimeUrl":"https://asia-001.azure-apim.net/apim/excelonlinebusiness"}},"method":"get","path":"/drives/@{encodeURIComponent('b!6bennIedyEuy9VyWHKKmZQ-kc8CqdWRJrlnYyEeN8MGVilZjq9U7Q4aPmlD5qSIr')}/files/@{encodeURIComponent('01AE47OV4A6IHL72GB2VA2IXLX7VZ3AMNV')}/tables/@{encodeURIComponent('{AA79302B-E2C1-45D2-8DDA-3732C96BF213}')}/items","queries":{"source":"me"},"authentication":{"type":"Raw","value":"@json(decodeBase64(triggerOutputs().headers['X-MS-APIM-Tokens']))['$ConnectionKey']"}}},"Apply_to_each_in_table_Green":{"foreach":"@body('List_rows_present_in_table_green')?['value']","actions":{"Condition":{"actions":{"Add_a_row_into_a_table":{"runAfter":{},"metadata":{"01AE47OV4A6IHL72GB2VA2IXLX7VZ3AMNV":"/Book1.xlsx","flowSystemMetadata":{"swaggerOperationId":"AddRowV2"}},"type":"ApiConnection","inputs":{"host":{"connection":{"name":"@json(decodeBase64(triggerOutputs().headers['X-MS-APIM-Tokens']))['$connections']['shared_excelonlinebusiness']['connectionId']"},"api":{"runtimeUrl":"https://asia-001.azure-apim.net/apim/excelonlinebusiness"}},"method":"post","body":{"ID":"@items('Apply_to_each_in_table_Blue')?['ID']","Name":"@items('Apply_to_each_in_table_Blue')?['Name']"},"path":"/codeless/v1.2/drives/@{encodeURIComponent('b!6bennIedyEuy9VyWHKKmZQ-kc8CqdWRJrlnYyEeN8MGVilZjq9U7Q4aPmlD5qSIr')}/items/@{encodeURIComponent('01AE47OV4A6IHL72GB2VA2IXLX7VZ3AMNV')}/workbook/tables/@{encodeURIComponent('{C7222545-1F7F-4C8D-B2C5-E209263CA5A2}')}/rows","queries":{"source":"me"},"authentication":{"type":"Raw","value":"@json(decodeBase64(triggerOutputs().headers['X-MS-APIM-Tokens']))['$ConnectionKey']"}}}},"runAfter":{},"expression":{"equals":["@items('Apply_to_each_in_table_Blue')?['Name']","@items('Apply_to_each_in_table_Green')?['Name']"]},"type":"If"}},"runAfter":{"List_rows_present_in_table_green":["Succeeded"]},"type":"Foreach"}},"runAfter":{"List_rows_present_in_blue":["Succeeded"]},"type":"Foreach"}}},"connectionReferences":{"shared_excelonlinebusiness":{"connectionName":"shared-excelonlinebu-5ef47530-c073-4856-9c8e-1380222bb034","source":"Invoker","id":"/providers/Microsoft.PowerApps/apis/shared_excelonlinebusiness","tier":"NotSpecified"}},"flowFailureAlertSubscribed":false}}